layer,head,mean_causal_selective_drop,std_causal_selective_drop,mean_repeated_drop,mean_control_drop,mean_detection_score,std_detection_score
9,15,0.10580064763004575,0.09515835054776879,0.1219976932741701,0.016197045644124348,0.01257119451959928,0.0003105756626299236
14,11,0.09353936835424959,0.012122081384073334,0.08165411953426267,-0.011885248819986908,0.689901332060496,0.007129386338889902
8,1,0.09344858991525395,0.01201944852525718,0.050087701752005685,-0.04336088816324827,0.7220695813496908,0.011413621910991842
12,4,0.08780507526981329,0.06602672120399512,0.08193769576338435,-0.005867379506428942,0.03973222399751345,0.0015193770293586172
5,4,0.0832181740986806,0.022595128879547354,0.05596177430823442,-0.027256399790446178,0.0016300425049848855,0.0006331117901740466
8,5,0.08080744134572578,0.029733022108533777,0.062048057190452956,-0.018759384155272823,0.9222168922424316,0.0092586825423365
5,12,0.07331975945271474,0.03586189505071026,0.05523522703287498,-0.01808453241983976,0.07009042551120122,0.0007508948478092642
4,2,0.06912639903370237,0.015124610918174701,0.033734197292166423,-0.035392201741535935,0.017199721187353134,0.0005151741107109858
6,3,0.06887765008568165,0.10366866112638401,0.10461840707420682,0.035740756988525156,0.055037440111239753,0.0018015772473617545
8,11,0.06876830151459772,0.06328135398244018,0.11409498583059763,0.04532668431599992,0.03760457287232081,0.0017108750211223703
11,9,0.06849669416202168,0.0617895375711179,0.1619420206492456,0.09344532648722392,0.03296696022152901,0.0014193351289724311
11,8,0.06409730641404132,0.028856541538673248,0.08676702865321813,0.02266972223917681,0.05937891205151876,0.0032399842036387743
9,8,0.06340080660845475,0.04441617472743087,0.09980486315752694,0.036404056549072195,0.02858776164551576,0.0015933088048732983
6,9,0.055111975852244956,0.03913033463348105,0.018894108318878906,-0.036217867533366054,0.7604189316431681,0.006543225946711489
14,5,0.053053129994465285,0.038987432252091746,0.0545415104265945,0.0014883804321292142,0.27170756459236145,0.004866046513243735
7,5,0.05200300802399075,0.08954223900417507,0.0924651776712077,0.04046216964721694,0.07758637020985286,0.003714127061120827
12,0,0.05034264036066172,0.027613236739918504,0.0661455641989596,0.015802923838297882,0.004450262912238638,0.0012420384927518651
1,9,0.050174962948075885,0.005040599370846468,0.05828822003832701,0.008113257090251125,0.009468333485225836,0.00037258342046463995
0,12,0.04953759100520949,0.0536509587111182,0.05812814301733545,0.00859055201212596,0.0691245545943578,0.0006218996954566982
2,0,0.04870506252084535,0.049199720722933916,0.05618551855518794,0.00748045603434259,0.06420140340924263,0.003579655953686597
3,5,0.04627639168174913,0.051729041737840036,-0.022336380941948526,-0.06861277262369765,0.010087885583440462,0.0004841656340124776
14,12,0.045588713181980954,0.01940170159924035,0.04763327647543817,0.002044563293457221,0.788772185643514,0.011319768277094884
13,12,0.04511176211992322,0.014622989326003148,0.0521141920820809,0.007002429962157682,0.056474740306536354,0.0022632360297220704
6,4,0.044652469962989993,0.039132897626541346,0.050791703870054196,0.006139233907064205,0.005533217452466488,0.0002905897126247255
12,12,0.044179903708087664,0.020861430533089285,0.04538873040893421,0.0012088267008465436,0.04908387487133344,0.003438147943061897
12,11,0.04358159810382223,0.02816019285966523,0.03379977335610118,-0.009781824747721046,0.025313676645358402,0.0014237333897818252
7,10,0.0431618821496765,0.0233380908288728,0.03855788587282105,-0.004603996276855445,0.04232793798049291,0.0033662477074971075
3,4,0.04218081029209597,0.057990063169745004,0.05237587483677383,0.010195064544677853,0.07491538673639297,0.002311422248716697
4,0,0.0402514805481771,0.03487799594406912,0.0060062629069822515,-0.03424521764119485,0.008267681890477737,0.0007157589138654378
15,10,0.040037478881421985,0.009490900343317944,0.004811432637119029,-0.03522604624430296,0.0578085333108902,0.0005520291055327096
5,9,0.03990915817596641,0.02071414353301533,0.010899237419944178,-0.02900992075602223,6.11520147989116e-05,4.61945056832945e-05
2,7,0.03957359870818078,0.011188782457516842,0.004090747043955993,-0.03548285166422479,0.008517860745390257,0.0001291754868113466
19,3,0.03942577649451159,0.016199135919455772,0.022987584762740727,-0.016438191731770857,0.16534780959288278,0.003599384388448675
4,1,0.03801172766912094,0.01611392392909263,0.030258508064628892,-0.007753219604492045,0.02685000312825044,0.0006430940595881081
6,2,0.03586986985756032,0.06763360703795994,0.06738584326657775,0.03151597340901743,0.8724385301272074,0.0014439723446438718
18,5,0.03585133863069745,0.002714815964478572,0.01667517972566801,-0.01917615890502944,0.1489099512497584,0.0056087338353449905
2,2,0.035488666653787804,0.021355171194920357,0.01703671530898036,-0.018451951344807444,0.06485192229350407,0.0019751050802472923
4,13,0.03532205560943106,0.03209984792703934,-0.0041372809892830835,-0.039459336598714145,0.0020700111829986176,3.533924471965771e-05
12,14,0.03486756427135947,0.01736309234650526,0.022070583731401694,-0.012796980539957778,0.017720917860666912,0.0024620273546299676
8,6,0.03472251784134025,0.013647561630130726,0.021895274036408747,-0.012827243804931499,0.007395910409589608,0.00069314602200261
20,7,0.034279198511502997,0.017686998959208083,0.038208788100940416,0.003929589589437417,0.3588990767796834,0.012289584251359743
11,12,0.033635211233049134,0.055754491736528806,0.0731688835658133,0.03953367233276417,0.021725066006183624,0.00015212453515038563
8,7,0.03286275601480108,0.02248341154459826,0.020842441480296275,-0.012020314534504806,0.1495121568441391,0.006032054087602329
2,12,0.032670128005556166,0.016744324593324585,0.047629704930198614,0.014959576924642448,0.044102318584918976,0.0026001693319847143
12,8,0.03217333856737181,0.012734434907940406,0.012851420079823575,-0.019321918487548235,0.0327958936492602,0.0021125382279708555
4,3,0.03201620784510547,0.03417031082677735,0.01413555827845503,-0.017880649566650437,0.036191398898760475,0.002975152441210422
11,14,0.0315782630730724,0.006895812772776846,-0.005712869535976421,-0.037291132609048816,0.06712848444779713,0.0030988525917144123
10,1,0.030897539598711332,0.016807769579519148,0.033670608344643006,0.0027730687459316763,0.03689766054352125,0.0016315894108896562
4,10,0.030119257396242327,0.007985023793558137,0.027232650544028642,-0.0028866068522136836,0.018383499855796497,0.002007650264836488
19,15,0.029836786613643824,0.011207719021780489,0.01795477392850442,-0.011882012685139406,0.16936464111010233,0.012168907213216628
1,11,0.029367596532683688,0.009267339744141704,0.04776574157256016,0.018398145039876468,0.0006516018668965747,0.00016732217854217553
13,7,0.02912448028645735,0.008351754063238122,0.012926137645263255,-0.016198342641194092,0.027309223388632137,0.0025020145242638722
4,4,0.028971679010428148,0.017391010764121136,0.021609192489025486,-0.007362486521402663,0.034840806076924004,0.000734969795067294
2,3,0.028855747961594364,0.05611485751679551,0.05065835772315038,0.021802609761556013,0.04841186851263046,0.0014498911967218042
3,7,0.02853079068396865,0.022395883767196527,0.004110211409473208,-0.02442057927449544,0.07161375631888707,0.0011514045103729023
14,8,0.02835322117743322,0.012874195995719517,0.024504509527856988,-0.003848711649576231,0.04738173633813858,0.005902397030132323
4,11,0.02815535738210495,0.01201719695760673,0.025175703705754133,-0.0029796536763508166,0.051861067612965904,0.0034421387807208837
17,5,0.027611994709975034,0.009121896887903365,0.02339774605274821,-0.004214248657226823,0.22007733583450317,0.023011209510554714
18,4,0.0275901210362397,0.014282767429533686,0.02084746560004221,-0.006742655436197491,0.2581694722175598,0.003437406106038708
20,3,0.027529760936740866,0.01622332292663268,0.017827320039117096,-0.009702440897623768,0.10398261994123459,0.009467860893173844
10,4,0.0271278985209454,0.03529974607844456,0.0560356044637349,0.0289077059427895,0.02456757550438245,0.000725589739975172
16,11,0.0270182485451607,0.017249395936053173,0.025676568654210603,-0.0013416798909500944,0.03903548916180929,0.0007075539499296322
0,14,0.026771779598202206,0.05211774201308191,0.03907310380678001,0.012301324208577805,0.06937175989151001,0.0005593295765215572
14,0,0.025836877119726893,0.03741674098701261,0.052142342817969624,0.02630546569824273,0.05988351131478945,0.0028603230177126787
3,12,0.025788482603772016,0.01349557285782913,0.02708658593629169,0.0012981033325196734,0.030043501406908035,0.0007254750449211292
18,0,0.025759283930529175,0.014159960969592865,0.016231320928006127,-0.009527963002523046,0.14898879329363504,0.008335188382915417
7,2,0.025539046784397,0.031028191656599383,0.06887847727552672,0.043339430491129725,0.02313290660579999,0.0018114640062668066
5,0,0.025349397158715686,0.012928100073163695,0.020006347791447016,-0.005343049367268667,0.021930148204167683,0.001830592803130681
17,10,0.02507120341450549,0.004704012709082399,0.006973701023962368,-0.018097502390543124,0.05274227758248647,0.003246477272579858
8,0,0.02500923179012356,0.05063854629897359,-0.020838603750647427,-0.04584783554077099,0.15225123862425485,0.01087090297084877
13,2,0.02471279977122302,0.004800793100175804,0.014714764340314934,-0.009998035430908084,0.020493069663643837,0.001255038526423227
15,3,0.024677841500379216,0.010488649000992783,0.018033306435681833,-0.006644535064697384,0.018842364971836407,0.0012585667165868353
8,9,0.023979107778674846,0.040171847396955424,-0.019027700184378753,-0.043006807963053596,0.48949524760246277,0.015291339493220738
16,6,0.023918635908048436,0.015097532747640115,-0.015460515754142201,-0.03937915166219064,0.008172613258163134,0.0007915140420300972
23,13,0.023087118125985406,0.004360771415484468,-0.006611819607981888,-0.029698937733967295,0.01043700985610485,0.000764513639604612
12,1,0.022196954841880445,0.013659518856872966,-0.04398095373762778,-0.06617790857950823,0.020926345139741898,0.0011130320602947667
15,14,0.02190833504078867,0.010047592003852737,0.023492636035662096,0.001584300994873426,0.016127304794887703,0.0007651211186071826
9,11,0.021441484771203594,0.043443694205965125,-0.012158909159867726,-0.033600393931071317,0.5358926653862,0.00801584843197295
7,4,0.021165419751001686,0.00825514552067299,0.00046277794598899763,-0.02070264180501269,0.012517941805223623,0.0012553263598624822
14,3,0.020899019001517322,0.0030920596370821395,0.015378141163382653,-0.005520877838134671,0.08904869357744853,0.00830898487768732
7,0,0.02077833197778034,0.04931470538620408,0.024867852750078967,0.004089520772298627,0.055936490495999656,0.0026260302508779396
9,13,0.020530511731436756,0.05216891969245374,-0.006874604031909315,-0.02740511576334607,0.020055033266544342,0.0009092388607944934
20,5,0.02049449019056367,0.013476546300957546,0.022006515387911246,0.0015120251973475736,0.1066836267709732,0.00830046747821698
13,4,0.020424889550388497,0.017620729838945418,0.0005211280045719358,-0.01990376154581656,0.04335882638891538,0.0031491601552597398
0,4,0.020301945929725895,0.030065550426688622,0.021090075100461642,0.0007881291707357482,0.07447850455840428,0.000501393763318285
19,5,0.020288868194911158,0.0017036671100055345,0.017260831441574902,-0.003028036753336257,0.1994940141836802,0.008425884605256544
6,8,0.019829066846674775,0.053945843379399096,0.005156997297114274,-0.014672069549560499,0.027283745507399242,0.0023275045909310356
1,1,0.019407918897922777,0.02743600470395645,0.010157424258844286,-0.009250494639078491,0.025388576711217564,0.0016859744039672024
20,8,0.018618871210298444,0.01443981279504828,0.023884253341238892,0.005265382130940448,0.31858428319295246,0.014429257466626676
3,13,0.01861845226803127,0.01285381957678564,0.005825369077113729,-0.012793083190917542,0.06144731119275093,0.0009747653045694527
10,7,0.01768250379323318,0.022904623927124328,0.037866035236511296,0.020183531443278113,0.014104257337749004,0.0015404984234820849
10,8,0.017643201812945986,0.011970327083530944,0.006591210032347454,-0.011051991780598533,0.024935254206260044,0.0016109426662932907
7,3,0.0172598830300064,0.03635676853026599,0.02202175055320066,0.004761867523194259,0.06388577322165172,0.0018364446026165012
13,6,0.017193235449958693,0.0042623143141591125,0.005865975114672091,-0.011327260335286601,0.02988913096487522,0.0013548298021225714
13,0,0.017126106310169826,0.0013768388843421167,0.008392420498809505,-0.008733685811360322,0.010049072094261646,0.0012028973643173646
5,11,0.016927962715271676,0.03548088486413103,0.026866355354431975,0.009938392639160298,0.02212829825778802,0.0005949493145248193
18,15,0.016703672793228375,0.0071554063079154505,0.006263513949234116,-0.01044015884399426,0.09216075887282689,0.00480737055125128
10,11,0.01581632351968402,0.011076819653983883,0.022427365542389405,0.006611042022705386,0.02369871735572815,0.0006626343834757847
17,12,0.015598535077490946,0.018609447828764916,0.02499126706194747,0.009392731984456523,0.3171829581260681,0.023256192223513727
7,1,0.015231135640448387,0.0464731921631831,0.023234497660305276,0.008003362019856889,6.618034755471551e-06,1.6842445074127357e-06
8,8,0.015022210672032132,0.01307799736625094,0.017203664376866046,0.0021814537048339133,0.02027784598370393,0.0008157632858819602
3,14,0.014963874949607714,0.02246231131218723,-0.017704251474545647,-0.032668126424153364,0.08025950938463211,0.00014530923565384864
11,13,0.014704210048075725,0.017310973874244066,-0.03509194524570688,-0.0497961552937826,0.038850034276644387,0.0019416493818716588
5,8,0.01466516362735996,0.03877143224138844,0.013664784700764931,-0.0010003789265950285,0.01955994963645935,0.0027018245043315564
22,5,0.014317511222325089,0.021494816273059096,0.023313775362136524,0.008996264139811435,0.07306896150112152,0.002575758758154391
20,6,0.014034950698260143,0.011735380453236648,0.0026944088586606054,-0.011340541839599538,0.018118474011619885,0.0005160289620325527
4,9,0.013705838863582712,0.014127114903315743,0.02376782133632027,0.01006198247273756,0.0246940099944671,0.0016089272404350176
21,6,0.013436443621758479,0.0008287565947511637,-0.00037230271613231114,-0.01380874633789079,0.007302786223590374,0.002035581939839243
11,10,0.013320690472610383,0.013379289426921228,0.024269195874221567,0.010948505401611186,0.02193914291759332,0.0007940511993971645
0,10,0.013152687963253862,0.010578595733604243,0.007389519628292522,-0.00576316833496134,0.051947234819332756,0.0006912492492009856
9,6,0.013104555781465188,0.0046282331848890934,0.013162659978649219,5.8104197184031627e-05,0.04126199955741564,0.0020752564300013676
6,13,0.013037415926810292,0.00600834308353192,-0.010437512611194336,-0.02347492853800463,0.028659566616018612,0.00019900534912581995
9,0,0.012777204848049154,0.013651114831156939,0.01052427643211562,-0.002252928415933534,0.25808516641457874,0.011734208943318697
10,13,0.012357484130964788,0.019088364809360235,0.015212250976668007,0.0028547668457032196,0.021694731588164966,0.002048279022745331
15,13,0.012270446347538525,0.0118358705556913,0.027898981300337744,0.015628534952799217,0.04587141548593839,0.0034378889481953305
14,14,0.012086665160798593,0.01202088796445499,0.014332962361319498,0.0022462972005209045,0.08066605031490326,0.007063269671884819
15,7,0.011956074445042875,0.004804036707464585,-0.0004949066950939626,-0.012450981140136838,0.03886801873644193,0.0026209581389202577
15,0,0.011839790248001044,0.02006559888470498,-0.000691172378137687,-0.01253096262613873,0.062401813765366874,0.000610274369692553
10,10,0.011785747823305548,0.015581079682404794,0.018244990326153714,0.0064592425028481655,0.01199601124972105,0.000688607757610274
22,8,0.01175523658826294,0.011844663282718902,0.02424011767143382,0.012484881083170881,0.10190276553233464,0.0006542378504665364
0,7,0.01163080688876387,0.028841756907591064,0.01732558405958114,0.005694777170817271,0.07592019190390904,0.0040559004109317525
15,8,0.01150232787709582,0.01115332971017076,0.016579276678773198,0.005076948801677379,0.05295803025364876,0.0022099420299241486
19,13,0.011437033544449656,0.013685054083681057,0.004563635717301266,-0.00687339782714839,0.16858734687169394,0.0064222441428156895
4,7,0.011303573132026715,0.008079189951556853,-0.020612733681531086,-0.0319163068135578,0.03096553310751915,0.001358783630434407
22,0,0.01113460840734922,0.00699190570405424,0.004075046995809813,-0.007059561411539406,0.056743230670690536,0.002195017678997843
11,11,0.011126083181394667,0.025334049858891004,-0.01713788623999198,-0.028263969421386648,0.028645700464646023,0.0017679895809664756
6,11,0.011010762855875803,0.01929562265147191,-0.009616754844319083,-0.020627517700194886,0.0013579257453481357,0.0002495041698828232
21,8,0.010876534998727205,0.0035790653516288885,-5.411126185217441e-05,-0.01093064626057938,0.041029283155997597,0.0012915644369704117
17,15,0.010806848631085164,0.0017907214363411309,0.005235483274639852,-0.0055713653564453125,0.05402374267578125,0.0045336946126548205
7,12,0.010703515105414637,0.03466603248751834,-0.0016946706245653347,-0.012398185729979971,0.009265130075315634,0.0010507343443193569
23,5,0.01056727191976566,0.010850451235557093,0.010223173510748898,-0.0003440984090167613,0.03364564975102743,0.0009069533427880312
16,7,0.010151181276111513,0.01106211293094874,0.026350452160307476,0.016199270884195965,0.049921554823716484,0.005636825626861121
9,12,0.010134078663928977,0.01565389869337669,0.04213544051085283,0.03200136184692385,0.024427648012836773,0.0006779919759710817
15,5,0.009906628911848606,0.0037198230046796687,-0.006064440424088491,-0.0159710693359371,0.009678776686390242,0.00024155919693342166
13,15,0.009880132505980077,0.008101637799863599,-0.008796676169149586,-0.018676808675129664,0.06843561679124832,0.004444073549934889
6,5,0.009764980589194358,0.06739113021668917,0.012585186277671393,0.0028202056884770363,0.06834035615126292,0.00117100739257543
3,6,0.009716583655681288,0.017889125618530042,0.014772189226156715,0.005055605570475426,0.0713485653201739,0.0030605323229161235
16,1,0.00969809805275823,0.009583550671188228,0.01283444677712394,0.003136348724365708,0.1206079473098119,0.008536380362053725
10,3,0.00951228825763395,0.005451100977431208,0.005121349180893242,-0.0043909390767407075,0.010330600353578726,0.00026198704455398126
18,3,0.009462301135062412,0.001781391929813505,0.0013530176877974975,-0.008109283447264914,0.011486636474728584,0.0011173642544952155
3,2,0.00931137990439305,0.02472422684657888,0.013288945669773863,0.003977565765380812,0.021719054008523624,0.000968098771852117
19,11,0.009216511823081882,0.008156446069851605,0.007994333681805651,-0.0012221781412762311,0.1389716366926829,0.010404251081781585
13,1,0.009131208017157758,0.007736458728815568,-0.0029542933357879684,-0.012085501352945727,0.025677666068077087,0.0009560991616591509
8,4,0.009121050375979767,0.011528179473404176,0.02040859971273064,0.011287549336750876,0.019303324321905773,0.0013113071398020391
19,6,0.008930413830093742,0.002696342744063,-0.001048846932438526,-0.009979260762532268,0.004823528074969848,0.0017661678741042123
22,11,0.008901785252771003,0.002630436299263278,0.00031036857593188155,-0.008591416676839122,0.0488002672791481,0.0007377702766419933
18,2,0.008893713265812342,0.009470143222342377,0.004304829547957856,-0.004588883717854486,0.019892108626663685,0.004444669236994526
15,2,0.008878184113029985,0.0011305148038066285,0.014639063629632187,0.005760879516602202,0.007053524410972993,0.0006441471183767929
23,4,0.008760363104908353,0.0006718432769066039,0.008771330359547025,1.0967254638671875e-05,0.0155225715910395,0.001261958614587423
18,9,0.008648646259680056,0.0035177692790239377,0.0007924489025026293,-0.007856197357177427,0.03677874989807606,0.004679439881636924
14,13,0.008550864228357566,0.014549872010858667,-0.0055881903879344925,-0.014139054616292057,0.05717559531331062,5.0519362920061125e-05
20,2,0.008379522275644646,0.01691592080873548,0.011889813057302115,0.0035102907816574693,0.09862743814786275,0.004740936146073826
20,4,0.008304546352010092,0.017900942158760334,0.013620772039672971,0.005316225687662879,0.11773909131685893,0.01420263834160338
0,0,0.008165363139317261,0.013729296949091618,0.008464479909744119,0.00029911677042685864,0.08139471958080928,0.00027652422459837717
2,15,0.007898310410479614,0.0034197019888029586,0.017692838100095476,0.009794527689615862,0.06355435401201248,0.000842072083609424
21,9,0.007543960945525045,0.003973003352992839,0.0008221019672539631,-0.006721858978271082,0.010172493755817413,0.0011905289777964713
0,5,0.0073705308682586,0.01576770421928673,0.006615233525323301,-0.0007552973429352979,0.08464144915342331,0.0012941797509703422
4,6,0.007303793106693601,0.02207865729866911,0.020189274623213998,0.012885481516520395,0.051645878702402115,0.003658292569361295
2,8,0.0068376096229379275,0.013867170354246046,0.014539140079480872,0.007701530456542945,0.04054039095838865,0.0013772671780410673
2,10,0.0068074531496192065,0.019439042342170462,0.013509825382692076,0.006702372233072869,0.03356826429565748,0.0010681170043209617
23,15,0.0067502454551870246,0.0020418627178844227,0.012721848848741427,0.005971603393554403,0.05860466758410136,0.0022927181626118042
0,15,0.006619124992284823,0.01153769703560379,0.0016377661462561772,-0.0049813588460286455,0.061468034982681274,0.0004743805166035493
17,6,0.006064547607674979,0.001884054783936277,0.004090225606535751,-0.001974322001139228,0.07424173752466838,0.00768212227510632
2,1,0.005959840355596269,0.019065569563878625,0.008671536980352057,0.0027116966247557883,0.048053095738093056,0.0007235713166599215
13,14,0.0059483594998402944,0.011576316662622666,-0.005390338569413955,-0.01133869806925425,0.05598097170392672,0.0022854757530619027
15,12,0.005846495620595508,0.008099854718807071,0.0025409396411850325,-0.003305555979410476,0.04010478282968203,0.0025474697122692793
7,14,0.005705908013042012,0.008649954171443024,-0.01768790734543783,-0.02339381535847984,0.04700508092840513,0.00307819533082307
11,15,0.00552794234128647,0.0042966998590236675,0.0023881731050399146,-0.0031397692362465555,0.019401144857207935,0.00043941989533391684
20,1,0.005205058595165586,0.0038312052854538596,0.004295997163280774,-0.000909061431884813,0.09266450256109238,0.0045795504945247015
21,13,0.005154688764208141,0.0004475140293872149,0.0018695096260247606,-0.0032851791381833806,0.006040775993218024,0.0005543037921983317
11,6,0.005128351630798056,0.01066923570205388,-0.013165245272684922,-0.018293596903482978,0.0259073618799448,0.001996317768249837
17,2,0.005084595735339777,0.004616402550831413,0.0033554951900925944,-0.0017291005452471826,0.0982631246248881,0.0019872004496722306
20,9,0.004973617483240138,0.01201961416390008,0.008084897288742102,0.0031112798055019653,0.12033700446287791,0.005229231907390754
17,3,0.004928976461911964,0.0067767931255696785,0.0033753583487121652,-0.0015536181131997988,0.06592410430312157,0.006260455410225113
6,15,0.004900230333054127,0.05134513805016243,0.045905829037074,0.041005598704019874,0.031133385996023815,0.0020058505404496906
22,6,0.004892223391215682,0.0056862016174141225,0.008953896873475364,0.004061673482259683,0.06948237741986911,0.005097740434040238
16,2,0.004612341040435027,0.004213879652263321,-0.0019067858516549352,-0.006519126892089962,0.0025729499757289886,0.00019048411554823424
19,8,0.004379132992277324,0.0056939027496709805,0.0014985279304284838,-0.00288060506184884,0.12337149679660797,0.005329297788674279
15,6,0.004329428323544622,0.008906047505233097,-0.0020095876371488317,-0.006339015960693454,0.08962758878866832,0.0028069554995733986
19,12,0.004312013048523096,0.010988941127373607,0.011594308275574209,0.0072822952270511125,0.12120907008647919,0.011761769096795877
17,7,0.004247822658313805,0.010454650433649548,0.005520176784290509,0.0012723541259767046,0.12150084227323532,0.006512013499656046
11,4,0.004066751895006604,0.008806202477333115,-0.010343298815035595,-0.0144100507100422,0.025802491853634518,0.0003808889186251262
17,4,0.003945413778224808,0.012571264089257272,0.004850209107001513,0.0009047953287767049,0.1958431601524353,0.002131649486763103
0,2,0.003837108300843125,0.004710974533581857,-0.004593658758482573,-0.008430767059325698,0.06510864694913228,0.00038053431483021775
12,6,0.003633101185938884,0.005690643469656928,-0.009786876637954226,-0.013419977823893111,0.014558090207477411,0.0009300242862370417
20,11,0.003542865271835153,0.006929706253744995,0.004642528052596943,0.0010996627807617898,0.08991349985202153,0.002148469801947125
0,3,0.003523445697501589,0.010905018827878702,0.005401033333813106,0.0018775876363115174,0.0599807600180308,0.00039449857695314153
7,9,0.003452710960990979,0.011966860862537416,-0.012120237494818905,-0.015572948455809884,0.03704829141497612,0.0025252067459127854
18,7,0.0032811734763280955,0.0042473919218604704,0.002517687249928735,-0.0007634862263993606,0.09793378164370854,0.006111177559302407
13,11,0.003154389416643625,0.016645628953859407,0.035310271934140415,0.03215588251749679,0.04098741213480631,0.0017420548267268394
16,15,0.002964201734866445,0.005312554795140097,-0.009802394741370013,-0.012766596476236458,0.006699956953525543,0.0001404621058848782
22,12,0.0026451017304010747,0.0032664175538010955,0.006412395024672168,0.0037672932942710937,0.08714801321427028,0.004026378909816608
15,15,0.0025179438797443185,0.004997837339351454,0.01555566360630715,0.013037719726562832,0.03980456540981928,0.002111782059614959
9,3,0.0025163795030676748,0.03252451387937383,0.001031540381566905,-0.0014848391215007695,0.5185511211554209,0.019983074588123085
17,9,0.0024396339377077414,0.0022810619448267117,0.0055821497559857365,0.0031425158182779946,0.006802475855996211,0.00036425561713326595
17,1,0.002203726647421892,0.004599096077769679,0.004801891523723715,0.002598164876301823,0.14028973380724588,0.0028207818894037916
5,14,0.0021696004450005857,0.04412972750926046,0.021967275259861085,0.0197976748148605,0.029991547266642254,0.004221492398861694
22,13,0.0018139850387035212,0.005147614436746922,0.011528836418098432,0.00971485137939491,0.06983663390080135,0.0005961812868105319
5,10,0.0015335451012163936,0.007120947859038813,-0.00712588127003988,-0.008659426371256274,0.028443257013956707,0.0012189570126673397
19,1,0.0012317453503294014,0.004167742128497066,-0.005282689464123321,-0.006514434814452723,0.004478954865286748,0.00014877925816538618
23,12,0.0012108897146154707,0.007637262301097289,0.007849791743016477,0.006638902028401006,0.04669825856884321,0.0037147375401074736
21,15,0.001190011174572921,0.014977436899262411,-0.0034272157439652062,-0.004617226918538127,0.026733235145608585,0.00035285277390453146
11,7,0.0009827180556024235,0.016691846135006735,0.037628276730732324,0.0366455586751299,0.02361692612369855,0.00033357121580208243
2,11,0.0009609142574483013,0.03197382732848156,-0.002508095141965927,-0.003469009399414228,0.07464803755283356,0.001827954867962218
16,8,0.0008756722859106411,0.00905899591787201,0.01570493915195877,0.01482926686604813,0.10651340335607529,0.0025843494605122656
0,1,0.0008549366565423488,0.001554381261627757,0.0019324424040192782,0.0010775057474769294,0.08371025075515111,3.975613997429925e-05
3,8,0.0008190671315723522,0.008141028250835408,-0.002199483741230098,-0.00301855087280245,0.054827041923999786,0.003222019019982332
3,0,0.0005410231331672843,0.0031718904198657963,0.002912359752226553,0.0023713366190592686,0.07929135362307231,0.003155778086317238
23,1,0.0004913095198570231,0.0024636852230000175,-0.0084056008296709,-0.008896910349527923,0.07145511855681737,0.0035288360562354733
17,11,0.00034966855154650034,0.0032305188250965717,-0.0038997325409824888,-0.004249401092528989,0.011155678580204645,0.0005271198302068711
18,11,-0.0003426632354965875,0.0063653982681112845,0.014956027560401708,0.015298690795898295,0.15464422603448233,0.009162941279963097
21,14,-0.000367011163228718,0.008463767421748187,-0.0001854252155559788,0.0001815859476727392,0.021259937435388565,0.0019381405204195565
18,8,-0.000605038332287385,0.01243396605136669,0.01444902228579544,0.015054060618082824,0.07681957632303238,0.0033698976399704106
4,14,-0.0006206684707049289,0.003789169346590636,-0.007592955966635302,-0.006972287495930374,0.018756618723273277,0.0013928508617612658
17,14,-0.0006221062208841369,0.02260067051793152,0.0002574739589666919,0.0008795801798508288,0.13076154639323553,0.00833655621834025
1,12,-0.0007462868505779078,0.014175619577424798,0.011159567692472247,0.011905854543050154,0.06617250045140584,0.003614421618809796
20,0,-0.000757533200861286,0.001721353053058794,-0.0036214426043443826,-0.0028639094034830967,0.04045321171482404,0.0011483011510591992
20,15,-0.0011892185119602623,0.003978432211512413,0.0025067145121283976,0.00369593302408866,0.06477715199192365,0.00244816396728784
22,14,-0.0012724965446007837,0.009905639222049283,0.009862871802567138,0.01113536834716792,0.1171548863252004,0.0037435828146999777
19,14,-0.0014790465356779487,0.005268595361254355,-0.002836404832390449,-0.0013573582967125002,0.005765893341352542,0.0006478110065123355
0,9,-0.0016083750120989837,0.0019821692637386973,0.004552024106960688,0.006160399119059671,0.05248140667875608,0.00036468817338154
13,10,-0.0016618899418970878,0.027133139802742005,0.007336300620033061,0.00899819056193015,0.016035952294866245,0.00030246394754031546
18,12,-0.001911849679114878,0.018564840537349227,0.002230282126304902,0.00414213180541978,0.12231643994649251,0.003877948785431193
23,9,-0.0020025935365508194,0.0016929022816468966,0.0014411498513072774,0.0034437433878580967,0.016028037605186302,0.0015310390802794167
18,6,-0.0020765605871569206,0.0050282988366899305,0.008187213013103803,0.010263773600260725,0.2555702030658722,0.0036911451306854788
20,14,-0.002133377390758806,0.0019407878258069565,0.016486096384469295,0.0186194737752281,0.2609994908173879,0.005667530496416397
20,12,-0.002176233325930199,0.0023056130882142525,-0.004422924711834697,-0.002246691385904498,0.020395115638772648,0.0022018060887967097
2,5,-0.002205617221383127,0.03181259035356816,0.009289903052461653,0.01149552027384478,0.046021029353141785,0.002204055426087314
7,7,-0.0023537576159771887,0.036944833587265594,0.009603627129302664,0.011957384745279853,3.7716811978801466e-05,3.4390179171317773e-06
19,7,-0.002587876761487825,0.0067738949863475695,0.00042494570758814615,0.003012822469075971,0.030140033612648647,0.007265742492266963
6,12,-0.002599186768445209,0.02458294835258123,-0.020266124278617403,-0.017666937510172193,0.0051420739231010275,0.0004941767761944985
18,14,-0.002716172754299029,0.0028395279126214616,-0.005736910720200698,-0.003020737965901669,0.022605182603001595,0.0009592534281426003
22,10,-0.002771046246247022,0.005962575313835507,0.0026825276164648506,0.005453573862711873,0.07708942641814549,0.00683048203575553
3,3,-0.0028685773544319115,0.03979566677908952,-0.00637375644175342,-0.0035051790873215083,0.0015187699270124237,0.00026059776318498006
8,2,-0.0030397289191996433,0.0838721922332138,0.08226531970547497,0.08530504862467463,0.07535394777854283,0.003060545627611532
3,10,-0.0031232324948844425,0.030882402238528072,0.0022607930788459316,0.005384025573730374,0.0054399667618175345,0.0005048378341306773
22,9,-0.0031466503635356746,0.005500328478354445,0.012415496141184165,0.01556214650471984,0.09873641779025395,0.002125055122652923
13,8,-0.0037766065790004,0.01277722358894687,-0.00022153125144541708,0.003555075327554983,0.030542536328236263,0.0005565730673444862
21,12,-0.003799750957018122,0.006083426129351419,-0.0012913649808615757,0.0025083859761565463,0.024918165057897568,0.0031906946283867237
23,11,-0.0039130816274945595,0.0070286210985128295,-0.0004221377188029877,0.003490943908691572,0.1222672884662946,0.003609918604661083
18,1,-0.004056378494327606,0.003962573436839923,-0.0009658760732661476,0.0030905024210614584,0.0035672069837649665,0.0011711948255283568
22,4,-0.004551079041169137,0.001438643406927111,0.00294015351294837,0.007491232554117507,0.06422907362381618,0.00164735485295183
21,3,-0.004558606904466263,0.001695918884160744,-0.0032645725823629013,0.0012940343221033619,0.012824591249227524,0.0021178553830386937
22,15,-0.004779856098661384,0.0012416010806083541,-0.005044271839627375,-0.0002644157409659916,0.01582959791024526,0.0005455506797185396
22,2,-0.004872966726932197,0.003890297178441258,-0.00021618139774851977,0.004656785329183677,0.00774218188598752,0.0003984527257278562
17,13,-0.005286127245830108,0.0035447862932576073,0.0024299562807815756,0.007716083526611683,0.1007274438937505,0.005929151669883391
17,8,-0.005329167921250932,0.004416826097912945,-0.004582294701443297,0.0007468732198076348,0.009092502606411776,0.0010143145287385786
2,14,-0.005694498102335947,0.020181540647765315,-0.01824504284110536,-0.012550544738769412,0.058145509411891304,0.0038973962483755363
6,10,-0.00571907623515792,0.010276160781456623,-0.028404076336883133,-0.022685000101725212,0.03575040648380915,0.006461038168759507
1,8,-0.005892309189463189,0.006706371218662728,-0.009174887975677856,-0.0032825787862146663,0.08537618567546208,0.0014594427143527814
10,0,-0.005965029287617329,0.011013443496853749,0.004752591561991666,0.010717620849608997,0.0798373818397522,0.0023215135676669294
14,6,-0.005974645344540952,0.0036713197000093744,-0.0018544989110281795,0.004120146433512772,0.0720175455013911,0.0027583454685677156
12,10,-0.006122091858803376,0.008646044394844291,-0.019637290884274978,-0.013515199025471603,0.013171935143570105,0.0007335576907607705
13,3,-0.006143978645559415,0.031239335978247747,-0.017003703326142167,-0.010859724680582753,0.02401778536538283,0.0024783899106764324
16,4,-0.006222642889091505,0.016427702100294896,-0.027082056036063878,-0.020859413146972372,0.03586947297056516,0.0016801894529338305
19,4,-0.006296850529033837,0.024430454739915175,-0.019983672784486168,-0.013686822255452332,0.010343414110442003,0.0018776826133297766
14,1,-0.00630767950710535,0.016085546533239733,-0.014028416964380694,-0.0077207374572753435,0.011303598682085672,0.0012575058638322075
21,1,-0.006359182413046412,0.003071868310156366,0.0008015702012925674,0.007160752614338979,0.010250557524462542,0.0005555739022722622
14,2,-0.006373641190585329,0.00795456006364084,-0.0003155268208745454,0.0060581143697107835,0.0054249401825169725,0.000956584471975882
21,0,-0.006490556029603208,0.0037267861085487543,0.0003157794196158026,0.00680633544921901,0.014775562100112438,0.0007842244484678426
3,11,-0.006623063092896249,0.013022487552286743,-0.011299996381470279,-0.0046769332885740296,0.060513379673163094,0.0037630213505338455
18,10,-0.006731605081974419,0.0036236985565525092,-0.003496137806990577,0.0032354672749838422,0.008832046917329231,0.0016164013594905438
12,2,-0.006786044273370225,0.0029904370642132817,-0.0016665870284972018,0.005119457244873023,0.03811747580766678,0.0011978257323790411
12,15,-0.0070865271015404145,0.0033577627144579687,0.009648467150982443,0.016734994252522856,0.008691720974942049,0.0004288321894321252
21,10,-0.007167811978142831,0.004220408499347616,0.0022491369761215387,0.00941694895426437,0.03744888057311376,0.0011664389108293097
5,7,-0.007473327772847334,0.00507643564932146,0.007360192480652228,0.014833520253499563,0.013235612461964289,0.00043325595506187937
8,12,-0.007772688321613708,0.030191983792313314,0.005730640637533073,0.01350332895914678,0.06317263096570969,0.0028429100594062045
22,7,-0.00810919576169374,0.0036464380215195445,0.002805307971624075,0.010914503733317815,0.02850951999425888,0.0015511323340706238
0,8,-0.008252625626046969,0.003570036784660828,-0.007593509516834018,0.0006591161092129502,0.07393840203682582,0.00011939562703462013
19,10,-0.009156215648787991,0.0027435556334626503,-0.002401035289900988,0.006755180358887003,0.017114988217751186,0.004352726944798648
20,13,-0.009625965030088205,0.014659899548228099,-0.004436832339658044,0.005189132690430161,0.021702554697791736,0.001967106668577705
19,9,-0.009761075914527387,0.012433710378522894,0.002949215630069298,0.012710291544596686,0.020245525365074474,0.003472484689856687
11,3,-0.009949954686842158,0.027911463671259622,-0.044289458928785,-0.03433950424194284,0.08030402660369873,0.004471762048340498
22,3,-0.010136527002323628,0.007382098748160903,-0.007084800978967391,0.003051726023356238,0.26955991983413696,0.005039406753451307
10,14,-0.01046927867069225,0.032586408304278607,0.01386194767818468,0.02433122634887693,0.0798702413837115,0.0030307311202110734
13,5,-0.010500067741764782,0.011423878899511708,-0.007241019279851287,0.003259048461913494,0.21166735390822092,0.004962433492454054
10,15,-0.011295080803490287,0.043360840511078885,-0.049147724134381954,-0.03785264333089167,0.045040727903445564,0.0013583691411876298
6,0,-0.011361051117225296,0.10367256642838117,0.0665083387346627,0.077869389851888,0.18568377693494162,0.007109488085915883
23,10,-0.011508405187633075,0.00283609136455834,0.0026166749210095506,0.014125080108642626,0.06281651432315509,0.004731738191378847
5,2,-0.011585151662584744,0.010570220079535496,-0.0046128260196807895,0.006972325642903954,0.014519064997633299,0.0038371313197141338
1,5,-0.011648570125301813,0.014694924084007212,-0.004802040482560832,0.00684652964274098,0.06349100048343341,0.002859791913653425
21,5,-0.011864451300352519,0.023919052195646613,-0.010780244401345618,0.001084206899006901,0.05161098514993986,0.001367254924892742
15,9,-0.01212921799470997,0.004604458474825547,-0.0010974059626461437,0.011031812032063826,0.02903722661236922,0.0029974283742547174
2,6,-0.012508438818622625,0.01570600494862021,-0.01923953572210546,-0.006731096903482836,0.0553096296886603,0.0019444580176943434
23,7,-0.012605838298332173,0.004601514423748904,0.006678562641609376,0.01928440093994155,0.029730804885427158,0.0010323946917429523
23,3,-0.01274623443915864,0.004623103227023614,-0.0028945307953594326,0.009851703643799207,0.00806432186315457,0.0001799633180793934
11,2,-0.012750952876328547,0.0384662005345641,-0.018285512761988976,-0.005534559885660428,0.027796187127629917,0.001884264920549144
12,7,-0.013150786056649174,0.025331953463492964,-0.01827131141675638,-0.005120525360107209,0.009906815364956856,0.0006540272341297137
10,5,-0.013296520853570545,0.033502359069023616,-0.028290302897027386,-0.014993782043456841,0.057609217862288155,0.0017375732650698843
22,1,-0.014292939711982719,0.011565647047472708,-0.01693261485236393,-0.0026396751403812146,0.1165243610739708,0.004343201063488746
23,0,-0.014517914522439224,0.006416075380713381,-0.0059435050375760135,0.00857440948486321,0.030047594259182613,0.0014041107448360432
19,2,-0.014589646587458685,0.005839552999575482,-0.005116793244766771,0.009472853342691915,0.00587349742030104,0.0004928522973156162
10,12,-0.014606250228049992,0.029001159044875567,-0.04507498115456362,-0.030468730926513626,0.08760687460501988,0.005162679527564996
2,4,-0.014909273365047437,0.011392445752099838,-0.019619547107722696,-0.00471027374267526,0.04966867218414942,0.0011759594479801637
15,4,-0.014994396336842334,0.010720944610000852,0.008733421198557986,0.02372781753540032,0.036120409766832985,0.003531648807448669
9,5,-0.015028796679495785,0.025324897845198303,-0.05076836475403975,-0.03573956807454396,0.09921952088673909,0.0072158006101396
16,14,-0.015049981572665608,0.0020159755721416528,-0.021331262090243497,-0.006281280517577888,0.30050283670425415,0.00534850785059034
1,6,-0.015315676332296654,0.02087835696885827,-0.017955097159525996,-0.002639420827229344,0.08193840583165486,0.0053476044763642525
13,13,-0.015333866918614936,0.014554296321282311,-0.012727029963862213,0.0026068369547527226,0.39364611109097797,0.012847063613555925
23,6,-0.015875735372149886,0.005648122309439738,0.005690013478354812,0.0215657488505047,0.06859102348486583,0.0061736492368979585
0,13,-0.01601546018384396,0.022675051046658422,-0.01767988253695278,-0.0016644223531088187,0.08547612776358922,0.001985525940530615
3,15,-0.016152706983654824,0.015962279249377872,-0.009211719078788002,0.00694098790486682,0.07455391436815262,0.0048343576405089446
10,2,-0.01625007962575231,0.024251591301298593,-0.03385966952036449,-0.01760958989461218,0.021373114238182705,0.0009802963222699846
1,3,-0.01651980567956357,0.00965192928844293,-0.009727953364296549,0.006791852315267022,0.02609553871055444,0.000973889914576059
1,7,-0.017847889166636044,0.015856850521393857,-0.010659842393361115,0.007188046773274929,0.0719122588634491,0.007200955659782904
9,7,-0.018148384537393092,0.04955511176978574,0.024053884698854056,0.04220226923624715,0.03190182273586591,0.004374429139277134
10,6,-0.018167629040933497,0.016223546413489467,-0.008174578147785142,0.009993050893148355,0.019973282391826313,0.0008384429628205911
4,12,-0.018309577580075898,0.015420273215209342,-0.0314472169436825,-0.013137639363606604,0.025349431360761326,0.0015724094819314887
11,1,-0.018624056767827746,0.011883534915375192,-0.02749742407739782,-0.008873367309570076,0.07367645700772603,0.0018461701928286687
4,5,-0.018657673665633163,0.016379851306559605,-0.0023978317466875434,0.01625984191894562,0.04592984914779663,0.0025380568047658476
16,0,-0.018838552067367065,0.008628346514126348,-0.01488992713857451,0.0039486249287925546,0.009466039637724558,0.00045043842037077156
9,2,-0.01903415200688574,0.013308400554008178,-0.01528602756637465,0.0037481244405110914,0.015313935155669848,0.0005272825772385362
5,15,-0.019657205866339678,0.019081899519774723,-0.01670469376103345,0.0029525121053062264,0.03007645656665166,0.0016351861595350896
4,8,-0.01972223511353799,0.03220939960052853,-0.054722069809989504,-0.034999834696451515,0.04700440044204394,0.0011639369169846251
5,6,-0.01978946781484392,0.02645549282873768,-0.027988593740544004,-0.008199125925700082,0.07265630116065343,0.0060369724138269985
0,6,-0.021226817542532306,0.03108706872360629,-0.02922541119080657,-0.007998593648274266,0.08052410930395126,0.0004872191190975031
3,9,-0.021625691627463417,0.03898310309042501,-0.008963255460063713,0.012662436167399704,0.01133955642580986,0.0009965089734756622
10,9,-0.021659673041819667,0.012739245925745102,-0.0120274734365133,0.009632199605306369,0.05137668922543526,0.002226478270652996
1,15,-0.021703175268290797,0.0032290497368716075,-0.01755748307875667,0.0041456921895341265,0.07669258862733841,0.004613987642543685
12,5,-0.021763827609053748,0.015614139440296205,0.011504961046545378,0.033268788655599124,0.038405860463778176,0.0012442299024701452
18,13,-0.022201652054209913,0.016583708475924004,0.008035940007151429,0.03023759206136134,0.05591495459278425,0.002913798406397835
1,0,-0.02237063741233843,0.006256654422945285,-0.016790936942367513,0.005579700469970916,0.05675879245003065,0.0013878044830338255
6,1,-0.02268726120237267,0.01339026865068089,-0.0467443061852828,-0.02405704498291013,0.011165433873732885,0.0020412998318273473
13,9,-0.022835282041536214,0.029414881746006673,-0.02131449575613568,0.0015207862854005327,0.051557340969642006,0.0006435740508442385
2,9,-0.022992657090071627,0.01881912471938705,-0.019995207850976526,0.0029974492390950993,0.08079062402248383,0.0008557171623401591
0,11,-0.023056619908505754,0.021059612570402578,-0.02012575621018183,0.002930863698323923,0.0700551023085912,0.0007456469471642178
5,13,-0.02334645098773802,0.034731764457602975,-0.05291916674701499,-0.029572715759276964,0.024080177148183186,0.0009930503382439878
12,9,-0.023439600503382563,0.003984937829595848,0.019031363292597137,0.0424709637959797,0.05947241932153702,0.0018143504021303635
23,14,-0.024600112854969398,0.009322218146646506,-0.0020437252715541643,0.022556387583415233,0.10536531607309978,0.0060245715983250755
9,14,-0.024724119058034327,0.039525447068373465,-0.051488867949228724,-0.0267647488911944,0.0042088331344227,0.000266581481678666
16,9,-0.025824320220854124,0.03183281610664142,-0.004629092915759747,0.021195227305094377,0.07003409042954445,0.0073349086010289916
5,1,-0.02595095963294965,0.01993401529687512,-0.025335191200332157,0.0006157684326174954,0.011956627480685711,0.0006601116847020151
1,2,-0.026668159381176875,0.013166953788146871,-0.02058748743496841,0.006080671946208464,0.053557182351748146,0.0020045091665153725
7,8,-0.026721014962532357,0.03300542917509633,-0.00736426193111898,0.019356753031413376,0.05796447520454725,0.0043702232014018825
14,10,-0.026881183788646085,0.0065234787431593345,-0.029307280386953332,-0.0024260965983072444,0.056470283617575966,0.0021234997867926055
4,15,-0.02727223430216959,0.08581172658533454,-0.04423514400065568,-0.01696290969848609,0.04807917525370916,0.0004255647726248491
12,3,-0.029644975745274582,0.025873926659096765,-0.002929493669265278,0.026715482076009305,0.00572839876015981,0.00023132352697981853
5,3,-0.030610590461486287,0.01110388139844821,-0.0021760214205520656,0.02843456904093422,0.06160155559579531,0.00022856245080077358
2,13,-0.03094644861063045,0.0358686792129123,-0.026545216209099887,0.004401232401530564,0.07930897424618404,0.0009258917558378634
7,15,-0.031699563513976216,0.07067595051750493,-0.03370432044146584,-0.0020047569274896184,0.012398527624706427,0.0014634226361124954
17,0,-0.03225773921158829,0.0034793477508266177,-0.028268589482177104,0.003989149729411186,0.07438153773546219,0.006521023950375531
9,10,-0.03291151483620813,0.03301593978135677,-0.03523455103005598,-0.002323036193847846,0.02846190209190051,0.004792917304645395
16,5,-0.033007996727247337,0.017903405449104567,0.0015705682345044842,0.03457856496175182,0.03847910215457281,0.00460887792725144
7,13,-0.03372139494322909,0.04867021343417871,-0.04454156757099551,-0.01082017262776643,0.002342083491384983,9.594699778523999e-05
1,14,-0.03451332170438659,0.04447243391933835,-0.03709105887683106,-0.002577737172444472,0.08228042721748352,0.0039185696520467545
8,3,-0.03514418126239183,0.04897357920180248,-0.04929429214292521,-0.014150110880533381,0.10034204026063283,0.011265952717414148
23,8,-0.03575308728497495,0.0029696372063711908,-0.013804489059063396,0.021948598225911553,0.24890139202276865,0.0030185001879101175
23,2,-0.035909923033323445,0.0015246677007873866,-0.036686862425413004,-0.0007769393920895595,0.4121990203857422,0.013058954739399106
15,11,-0.03595474501994156,0.007628638863510668,-0.009895816848147701,0.026058928171793855,0.04698757827281952,0.0023501003645995206
7,11,-0.03762553611537486,0.01722772343474522,-0.011492094190325671,0.026133441925049183,0.06827782094478607,0.0027711185833159363
16,3,-0.037788421910566895,0.012452908569161529,0.020822882054683967,0.05861130396525086,0.014079218109448751,0.0006871815712648771
14,4,-0.038578024179830174,0.010806492719233701,-0.04604533222426351,-0.0074673080444333335,0.03584636002779007,0.0011809188828962316
15,1,-0.04141294232026438,0.00662955925769772,-0.0408885295293295,0.0005244127909348842,0.1425620416800181,0.0020852614075069593
3,1,-0.04151234999376652,0.033287358431114356,-0.053211282641471645,-0.011698932647705126,0.05251756558815638,0.0005488771416796488
1,4,-0.04365382487342414,0.05565346224608219,-0.05888767217363544,-0.015233847300211304,0.07324138780434926,0.003337429887548228
16,10,-0.04575567827560001,0.019260472910639485,0.028827775856479998,0.07458345413208001,0.06828319405515988,0.005242294984154966
19,0,-0.04882074560116308,0.01024706307899365,-0.00504087016374503,0.04377987543741805,0.034145680566628776,0.004267785775848805
14,15,-0.04909517881693363,0.04181219719034755,0.021067340002239903,0.07016251881917353,0.23563100397586823,0.014680236163072445
9,1,-0.04951059684855915,0.027234922913170447,-0.04600347862346107,0.0035071182250980826,0.04924613734086355,0.0025954888895083376
11,0,-0.049679082178045585,0.04448527697893256,0.029430408534438568,0.07910949071248415,0.09435837715864182,0.003018709000413063
21,2,-0.049733047334011925,0.011039714434444774,-0.00636564875409625,0.04336739857991567,0.08783323069413503,0.003302962862068226
8,14,-0.051185081704364276,0.04364654718977782,0.007214767233623724,0.058399848937988,0.07037787636121114,0.0012874342761444427
20,10,-0.0513982725453875,0.014301399769497486,-0.04395895166322602,0.007439320882161482,0.4155951738357544,0.018286366876956225
21,7,-0.051905544393230287,0.01497202290123845,0.014702509449950144,0.06660805384318043,0.038301279147466026,0.0025164596162869806
6,14,-0.0542502050474288,0.032198889985617284,-0.0508717629189294,0.003378442128499396,0.6288758317629496,0.004094779905231206
1,13,-0.05428657562161532,0.02974502140642698,-0.03790953984484088,0.016377035776774445,0.0610439603527387,0.004468834658191982
1,10,-0.05585123435516518,0.035035816256600454,-0.054188287018332594,0.0016629473368325876,0.06552522132794063,0.0007103652426209338
8,13,-0.057206234730159365,0.03682240145360822,-0.04370356062737609,0.013502674102783274,0.1449500471353531,0.005925236837974293
6,7,-0.057630686461150216,0.06709181737291624,-0.045026062030810866,0.012604624430339348,0.03869336595137914,0.0024640676876202163
21,11,-0.058999539473249284,0.010746993642539254,-0.00031341022113351436,0.05868612925211577,0.03997353340188662,0.006884964294505051
12,13,-0.06061204699100994,0.04193113927804625,-0.041441158726035265,0.019170888264974668,0.06522251168886821,0.0017459768172483339
14,7,-0.06111176806734927,0.0048985030393598,-0.05070855456637221,0.01040321350097706,0.21882908046245575,0.014847545452432574
5,5,-0.06194946255146868,0.05585939799737038,-0.037085965135290055,0.02486349741617862,0.049099390705426536,0.0030206304567447903
21,4,-0.06363255187170551,0.010799827693460981,-0.0070802879760352155,0.056552263895670286,0.024181451027592022,0.0006621134313025481
9,4,-0.06849550667063735,0.018833403831856443,-0.0768994564081853,-0.008403949737547952,0.42788270115852356,0.006726040579742047
9,9,-0.07100550890046475,0.06597829922744707,0.06188472191415099,0.13289023081461573,0.07173807173967361,0.005760516716938805
8,15,-0.0751670464524072,0.03476312825868026,-0.07220741357887168,0.0029596328735355115,0.526428242524465,0.01577842892555059
8,10,-0.07883801625886307,0.035621742268718795,-0.08194237874665618,-0.003104362487793111,0.4955043097337087,0.009496724838579402
14,9,-0.08135753391077727,0.02652354860187963,-0.09114280460169548,-0.009785270690918205,0.13029265652100244,0.005145606659101682
16,13,-0.0828116629947917,0.03823474967275286,0.02512640412353595,0.10793806711832765,0.05813400447368622,0.0019494638458079977
6,6,-0.08408461731470467,0.0250093126798844,-0.08633789541122194,-0.0022532780965172825,0.32888155182202655,0.004215113541013068
11,5,-0.1015521758569717,0.07302939255351316,-0.10264965154463428,-0.0010974756876625709,0.05891349663337072,0.0017670467182565887
7,6,-0.10744113343690236,0.08163239720080452,-0.14488639253114052,-0.03744525909423816,0.0303915124386549,0.0037766891303688244
16,12,-0.11324294434317088,0.025456109028143974,-0.0011237719290270176,0.11211917241414386,0.037498801946640015,0.0018936013664870577
